{"surrogate": {"log_enhancement_factor": " log_enhancement_factor ==  - 74.152619104375048664224 * CO2_loading/0.333333333333 - 1.0144304520559979110317 * H2O_loading/10. - 2.2560532969287749871512 * log_pCO2 - 93.053698909482505996493 * T/300. - 2.4539614401521618880508 * k_liq/0.100000000000E-003 + 0.66951741925635821495177 * ln(CO2_loading/0.333333333333) + 20.850684388637745314554 * ln(log_pCO2) + 116.48207895424762625680 * ln(T/300.) - 0.16183397137782221109070 * ln(k_liq/0.100000000000E-003) + 40.350060913550123586901 * exp(CO2_loading/0.333333333333) + 14.003999459563756246894 * (CO2_loading/0.333333333333)**2 - 24.145134249569181861261 * (CO2_loading/0.333333333333)**3 + 0.69466706728247029634105 * (CO2_loading*H2O_loading/3.33333333333) + 0.53152648072967045855819 * (CO2_loading*log_pCO2/0.333333333333) + 13.299932669983187238927 * (CO2_loading*T/100.) + 0.11006803996196987127654 * (CO2_loading*k_liq/0.333333333333E-004) - 0.22759703857176794006278 * (log_pCO2*T/300.) + 0.51315940192550216214507E-001 * (log_pCO2*k_liq/0.100000000000E-003) + 1.3622342578496682286016 * (T*k_liq/0.300000000000E-001) + 0.29264721575488969462775E-002 * (CO2_loading*log_pCO2/0.333333333333)**2 - 17.815474274446131630611 * (CO2_loading*T/100.)**2 + 7.1398979142301834954765 * (CO2_loading*T/100.)**3 - 0.88510020144252565810206 * (CO2_loading*T/100.)**4 + 44.382089216927276709157 * (CO2_loading/log_pCO2/0.333333333333) + 35.615032492223875237869"}, "input_labels": ["CO2_loading", "H2O_loading", "log_pCO2", "T", "k_liq", "k_vap"], "output_labels": ["log_enhancement_factor"], "input_bounds": {"CO2_loading": [0.0499999999999999, 0.6000000000000001], "H2O_loading": [6.499999999999999, 8.500000000000002], "log_pCO2": [8.922658299524402, 11.225243392518449], "T": [360.0, 405.0], "k_liq": [5.000000000000007e-05, 0.0005], "k_vap": [3e-05, 5.5e-05]}}