{"surrogate": {"log_enhancement_factor": " log_enhancement_factor ==  - 2364.7842143332550222112 * CO2_loading/0.333333333333 - 0.81939545068779551240112 * H2O_loading/10. - 0.45809723464674831708288E-002 * log_pCO2 - 3696.0402657844297209522 * T/300. + 0.66153586967070340807417E-001 * k_liq/0.100000000000E-003 + 2.6726857467163331882887 * ln(CO2_loading/0.333333333333) - 0.83833743814414718453776E-001 * ln(H2O_loading/10.) + 1301.1997548669010029698 * ln(T/300.) - 1.7161695154673575203219 * ln(k_liq/0.100000000000E-003) + 2316.7301114481697368319 * exp(CO2_loading/0.333333333333) + 0.22372382966760230582626E-002 * exp(k_liq/0.100000000000E-003) - 1066.8764845715447791008 * (CO2_loading/0.333333333333)**2 + 1768.3540416984255898569 * (T/300.)**2 - 497.60638185848205239381 * (CO2_loading/0.333333333333)**3 - 377.46298536741136331329 * (T/300.)**3 - 15.711586649007488247776 * (CO2_loading/0.333333333333)**4 - 49.526428144065604897150 * (CO2_loading/0.333333333333)**5 + 0.41873175684483759928511 * (CO2_loading*H2O_loading/3.33333333333) + 16.790102596943391688455 * (CO2_loading*T/100.) - 1.8721077418224159050197 * (CO2_loading*k_liq/0.333333333333E-004) + 0.89326310626227634070773 * (T*k_liq/0.300000000000E-001) - 20.232468708635110488103 * (CO2_loading*T/100.)**2 + 0.36323913866429269337033 * (CO2_loading*k_liq/0.333333333333E-004)**2 - 0.93541764587663556174135E-001 * (T*k_liq/0.300000000000E-001)**2 + 11.129322236459794126517 * (CO2_loading*T/100.)**3 - 0.52979511847897176046729E-001 * (CO2_loading*k_liq/0.333333333333E-004)**3 - 2.2895654159615586031862 * (CO2_loading*T/100.)**4 + 0.28524132033595525452518E-002 * (CO2_loading*k_liq/0.333333333333E-004)**4 + 0.58038339796764826239439 * (CO2_loading*T*k_liq/0.100000000000E-001) - 0.54418121285140441667494 * (CO2_loading/k_liq/3333.33333333)"}, "input_labels": ["CO2_loading", "H2O_loading", "log_pCO2", "T", "k_liq", "k_vap"], "output_labels": ["log_enhancement_factor"], "input_bounds": {"CO2_loading": [0.0499999999999999, 0.6000000000000001], "H2O_loading": [6.499999999999999, 8.500000000000002], "log_pCO2": [3.912023005428146, 8.922658299524402], "T": [305.0, 345.0], "k_liq": [5.000000000000007e-05, 0.0005], "k_vap": [3e-05, 5.5e-05]}}